,diy_id,name,kg_pale_malt,kg_other_malt,gr_hop_start,gr_hop_middle,gr_hop_end,gr_hop_dryhop,Amarillo,Centennial,Simcoe,Chinook,Citra,Columbus,Cascade,Caramalt,Munich,Crystal_150,Wheat,Flaked_Oats,Carafa_Special_Malt_Type_1,Carafa_Special_Malt_Type_3,Rye,WLP099,Wyeast_1056,Wyeast_1272,Wyeast_2007,Wyeast_3522,Wyeast_3711,ph,ferment_temp,abv,srm,ibu,rating
0,10,Buzz,3.3,0.6000000000000001,50.0,75.0,37.5,0.0,0,0,0,0,0,0,1,1,1,0,0,0,0,0,0,0,1,0,0,0,0,4.4,19,4.5,10,60,0.0
1,14,Trashy Blonde,3.25,0.6000000000000001,27.6,0.0,45.1,0.0,1,0,1,0,0,0,0,1,1,0,0,0,0,0,0,0,1,0,0,0,0,4.4,18,4.1,15,41.5,0.0
2,212,Berliner Weisse With Yuzu - B-Sides,1.66,1.66,0.0,10.0,0.0,0.0,0,0,0,0,0,0,0,0,0,0,1,0,0,0,0,0,1,0,0,0,0,3.2,21,4.2,4,8,0.0
3,134,Pilsen Lager,4.58,0.56,10.0,20.0,35.0,0.0,1,1,0,0,0,0,0,1,1,0,0,0,0,0,0,0,0,0,1,0,0,4.4,9,6.3,15,55,0.0
4,58,Avery Brown Dredge,0.0,7.01,60.0,60.0,60.0,0.0,0,0,0,0,0,0,0,0,0,0,1,0,0,0,0,0,0,0,1,0,0,4.4,10,7.2,5,59,0.0
5,120,Electric India,3.63,0.38,2.5,12.5,32.5,0.0,1,0,0,0,0,0,0,0,1,0,1,0,0,0,0,0,0,0,0,0,1,4.4,22,5.2,7.5,38,0.0
6,93,AB:12,9.69,0.63,43.75,12.5,62.5,87.5,1,1,0,0,0,0,0,0,0,0,0,0,0,1,0,0,0,0,0,1,0,5.3,21,11.2,40,35,0.0
7,114,Fake Lager,3.33,0.77,7.5,17.5,37.5,0.0,0,0,0,0,0,0,0,1,1,0,0,0,0,0,0,0,0,0,1,0,0,4.4,10,4.7,6,40,0.0
8,42,AB:07,0.0,12.600000000000005,56.3,0.0,0.0,0.0,0,0,0,0,0,0,0,1,1,0,1,1,0,0,0,0,0,0,0,0,0,5.6,11,12.5,42,30,0.0
9,54,Bramling X,6.38,0.38,60.0,0.0,50.0,0.0,0,0,0,0,0,0,0,1,0,1,0,0,0,0,0,0,1,0,0,0,0,4.4,19,7.5,11,75,0.0
10,117,Misspent Youth,2.18,4.55,50.0,625.0,20.0,0.0,0,0,0,0,0,0,0,1,1,1,0,1,0,0,0,0,1,0,0,0,0,4.4,19,7.3,60,30,0.0
11,210,Arcade Nation,3.13,0.6799999999999999,12.5,19.0,37.5,187.5,1,0,1,0,1,0,0,1,0,1,0,0,1,0,0,0,1,0,0,0,0,4.2,19,5.3,100,60,0.0
12,35,Movember,3.44,1.56,43.8,0.0,81.3,250.0,0,0,0,0,0,0,1,1,0,1,0,0,1,1,0,0,1,0,0,0,0,5.2,19,4.5,70,50,0.0
13,39,Alpha Dog,2.5,2.34,15.0,0.0,40.0,0.0,1,0,0,0,0,0,0,1,1,1,0,0,0,0,0,0,1,0,0,0,0,4.4,22,4.5,31,42,0.0
14,78,Mixtape 8,11.1,1.38,12.5,0.0,112.5,0.0,0,1,1,0,0,1,1,0,0,0,0,0,0,0,0,0,0,0,0,1,0,4.4,21,14.5,20,50,0.0
15,77,Libertine Porter,5.0,3.82,31.25,0.0,75.0,250.0,0,0,1,0,0,1,0,1,0,1,1,1,0,0,0,0,1,0,0,0,0,4.4,18,6.1,109.5,45,0.0
16,61,AB:06,6.13,0.89,45.0,0.0,100.0,125.0,1,1,0,1,0,1,1,1,0,1,0,0,1,1,0,0,0,1,0,0,0,0,17,11.2,35,150,0.0
17,163,Russian Doll – India Pale Ale,5.06,0.31,2.5,30.0,35.0,250.0,0,1,1,0,1,0,1,1,0,0,0,0,0,0,0,0,1,0,0,0,0,5.2,19,6,12.5,70,0.0
18,122,Hello My Name Is Mette-Marit,6.12,0.8,12.5,5.0,0.0,50.0,0,0,0,0,0,0,0,1,0,0,0,0,0,0,0,0,1,0,0,0,0,4.4,19,8.2,0.0,70,0.0
19,60,Rabiator,5.63,1.3199999999999998,12.5,12.5,0.0,0.0,0,0,0,0,0,1,0,0,0,0,1,0,0,0,0,0,0,0,0,0,0,4.4,21,10.27,12,26,0.0
20,116,Vice Bier,2.69,1.63,2.5,7.5,18.0,0.0,1,0,1,0,1,0,0,1,0,0,1,0,0,0,0,0,0,0,0,0,0,4,22,4.3,15,25,0.0
21,22,Devine Rebel (w/ Mikkeller),10.0,3.76,100.0,0.0,100.0,0.0,0,0,0,0,0,0,0,1,1,0,0,0,0,0,0,0,1,0,0,0,0,4.4,19,12.5,18,100,0.0
22,12,Storm,5.8,0.0,32.5,35.0,80.0,0.0,0,0,0,1,0,0,0,0,0,0,0,0,0,0,0,0,1,0,0,0,0,4.4,19,8,6,60,0.0
23,63,The End Of History,12.5,0.0,18.75,0.0,37.5,0.0,1,1,0,0,0,0,0,0,0,0,0,0,0,0,0,0,0,0,0,1,0,4.4,20,55,0.0,0.0,0.0
24,18,Bad Pixie,2.06,2.5,18.75,0.0,41.25,0.0,0,0,0,0,0,0,0,0,0,0,1,0,0,0,0,0,1,0,0,0,0,4.4,19,4.7,4,45,0.0
25,40,Skull Candy,2.81,0.94,25.0,0.0,93.9,0.0,1,1,1,0,0,0,1,1,0,0,0,0,0,0,0,0,1,0,0,0,0,4.4,19,3.5,25,33,0.0
26,119,Dog B,8.0,4.72,75.0,0.0,0.0,0.0,0,0,0,1,0,0,1,0,0,0,1,1,1,1,0,0,1,0,0,0,0,4.4,19,15,50,90,0.0
27,82,HBC 369,5.87,0.56,40.0,0.0,100.0,250.0,0,0,0,0,0,0,0,1,0,1,0,0,0,0,0,0,1,0,0,0,0,4.4,19,6.7,9.5,67,0.0
28,115,10 Heads High,4.75,1.88,20.0,10.0,125.0,100.0,0,1,0,1,0,0,0,1,0,1,0,0,0,0,0,0,0,1,0,0,0,4.4,18,7.8,45,70,0.0
29,107,Dana - IPA Is Dead,5.0,0.6799999999999999,2.5,25.0,37.5,125.0,0,0,0,0,0,0,0,1,1,0,0,0,0,0,0,0,1,0,0,0,0,4.4,19,6.7,15,70,0.0
30,32,Nanny State,0.0,0.7900000000000001,17.6,15.100000000000001,35.0,187.5,1,1,1,0,0,1,1,1,1,1,1,0,0,0,1,0,1,0,0,0,0,4.4,19,0.5,15,55,0.0
31,52,AB:05,11.25,4.39,50.0,0.0,50.0,0.0,0,0,0,0,0,0,0,0,0,0,0,1,1,1,0,0,0,0,0,1,0,4.4,19,12.5,90,40,0.0
32,57,Sorachi Ace,0.0,6.76,14.5,0.0,20.0,0.0,0,0,0,0,0,0,0,1,0,1,0,0,0,0,0,0,1,0,0,0,0,4.4,19,7.5,15,75,0.0
33,144,Bourbon Baby,1.75,2.5,18.5,18.5,0.0,0.0,0,0,0,0,0,0,0,0,1,0,1,1,0,1,0,0,1,0,0,0,0,4.4,19,5.8,22,35,0.0
34,209,Berliner Weisse With Raspberries And Rhubarb - B-Sides,1.66,1.66,0.0,10.0,0.0,0.0,0,0,0,0,0,0,0,0,0,0,1,0,0,0,0,0,1,0,0,0,0,3.2,21,3.6,0.0,8,0.0
35,128,Shipwrecker Circus (w/ Oskar Blues),9.35,1.69,50.0,75.0,75.0,375.0,0,0,0,1,1,0,1,0,1,1,0,0,0,0,0,0,0,1,0,0,0,4.4,21,10.5,32,85,0.0
36,20,Zephyr,6.3,0.6699999999999999,50.5,58.5,39.0,384.5,1,1,1,0,0,1,0,1,0,1,0,0,0,0,0,0,0,1,0,0,0,4.4,21,12.5,20,125,0.0
37,133,Belgian Trappist,4.58,0.56,10.0,20.0,35.0,0.0,1,1,0,0,0,0,0,1,1,0,0,0,0,0,0,0,0,0,0,0,0,4.4,25,6.3,15,55,0.0
38,148,Kohatu - IPA Is Dead,5.65,0.37,37.5,25.0,37.5,250.0,0,0,0,0,0,0,0,1,0,0,0,0,0,0,0,0,1,0,0,0,0,4.4,19,7.2,15,70,0.0
39,143,Hello My Name is Vladimir,5.77,1.26,4.0,37.5,350.0,500.0,0,1,0,0,1,0,0,1,0,0,1,0,0,0,0,0,1,0,0,0,0,4.4,21,8.2,8,70,0.0
40,167,AB:17,9.0,2.89,20.0,0.0,50.0,0.0,0,0,0,0,0,0,0,0,0,0,0,0,1,0,1,0,0,1,0,0,0,4.3,21,10.7,150,100,0.0
41,37,Hardcore IPA,7.4,0.6699999999999999,50.0,57.599999999999994,57.599999999999994,384.70000000000005,1,1,1,0,0,1,0,1,0,1,0,0,0,0,0,0,0,1,0,0,0,4.4,21,9.2,20,125,0.0
42,160,American Wheat,2.26,2.5,25.0,0.0,25.0,0.0,0,0,0,0,0,0,0,0,0,0,1,0,0,0,0,0,0,0,0,0,0,5.3,21,4.5,5,17,0.0
43,121,Dog Wired (w/8 Wired),4.7,1.01,40.0,20.0,40.0,187.5,0,0,0,0,0,0,0,0,1,0,0,0,0,0,0,0,0,0,1,0,0,4.4,9,7.1,6.5,65,0.0
44,3,The Physics,4.06,1.48,25.0,12.5,62.5,0.0,1,0,0,0,0,0,0,1,0,0,0,0,0,0,0,0,1,0,0,0,0,4.4,19,5,32.5,47,0.0
45,86,Anarchist Alchemist,12.5,0.0,18.75,0.0,37.5,37.5,1,1,0,0,0,0,0,0,0,0,0,0,0,0,0,0,0,1,0,0,0,4.4,20,16.5,10,20.5,0.0
46,112,AB:15,6.5625,1.88125,62.5,0.0,25.0,0.0,0,0,0,0,0,0,0,1,1,1,0,0,0,0,0,0,0,1,0,0,0,4.4,21,12.8,55.5,50,0.0
47,109,Goldings - IPA Is Dead,5.0,0.6799999999999999,37.5,25.0,37.5,125.0,0,0,0,0,0,0,0,1,1,0,0,0,0,0,0,0,1,0,0,0,0,4.4,19,6.7,15,70,0.0
48,106,AB:14,2.0,8.129999999999999,30.0,27.5,27.5,0.0,0,0,1,0,0,0,0,1,1,0,1,0,0,0,0,0,0,0,0,0,0,4.4,23,10,10,30,0.0
49,71,Lost Dog (w/Lost Abbey),4.920000000000001,1.8699999999999997,35.0,0.0,0.0,0.0,0,0,0,0,0,0,0,1,0,0,0,1,0,0,0,0,0,1,0,0,0,4.4,19,10,40,35,0.0
50,44,TM10,5.3,0.0,25.0,25.0,50.0,0.0,0,0,0,0,0,0,0,0,0,0,0,0,0,0,0,0,0,0,0,0,1,4.2,22,5.5,7,20,0.0
51,6,Paradox Islay,4.5,3.2900000000000005,75.0,25.0,50.0,0.0,0,0,0,0,0,1,0,1,1,0,0,1,1,1,0,0,0,1,0,0,0,4.4,21,10,152,55,0.0
52,130,Baby Dogma,1.75,2.54,37.0,0.0,0.0,0.0,0,0,0,0,0,0,0,0,1,0,1,1,0,1,0,0,1,0,0,0,0,4.4,19,4.5,20,35,0.0
53,208,Albino Squid Assasin,5.0,1.07,12.5,31.25,56.25,175.0,0,0,0,1,1,0,0,0,0,1,0,0,1,0,1,0,1,0,0,0,0,4.2,18,7.4,30,65,0.0
54,104,Amarillo - IPA Is Dead,4.88,0.37,20.0,25.0,37.5,250.0,1,0,0,0,0,0,0,1,0,0,0,0,0,0,0,0,1,0,0,0,0,4.4,19,7.2,15,70,0.0
55,100,Black Eyed King Imp,6.25,6.89,62.5,0.0,62.5,0.0,0,0,0,0,0,0,0,1,0,0,1,0,0,0,0,0,0,1,0,0,0,4.4,18,9.5,125,85,0.0
56,43,Prototype 27,8.13,0.8400000000000001,100.0,25.0,112.5,0.0,0,1,1,0,0,1,0,1,0,0,0,0,0,0,0,0,0,1,0,0,0,4.4,19,9.2,9.8,149,0.0
57,21,Coffee Imperial Stout,7.5,1.25,50.0,0.0,59.4,9.4,0,0,0,1,0,0,0,0,0,0,0,0,0,0,0,0,1,0,0,0,0,4.4,19,9,49,65,0.0
58,181,Mandarina Bavaria - IPA Is Dead,6.39,0.0,41.5,41.5,41.5,0.0,0,0,0,0,0,0,0,0,0,0,0,0,0,0,0,0,1,0,0,0,0,4.4,19,7.2,6,100,0.0
59,126,Dogma,3.5,4.9399999999999995,85.0,0.0,0.0,0.0,0,0,0,0,0,0,0,1,1,0,1,1,0,0,0,0,0,0,1,0,0,4.5,12,7.5,23,30,0.0
60,156,Magic Stone Dog (w/Magic Rock & Stone Brewing Co.),2.38,1.7,0.0,0.0,50.0,0.0,1,0,1,0,0,0,0,0,0,0,1,1,0,0,1,0,0,0,0,0,1,4.4,23,4.6,7.5,30,0.0
61,72,AB:08,9.25,3.8899999999999997,81.25,0.0,75.0,0.0,0,0,0,0,0,0,0,0,0,0,1,1,0,0,0,0,0,1,0,0,0,4.4,21,10.43,11.5,65,0.0
62,66,Sunk Punk,5.21,0.0,32.5,32.5,195.0,0.0,0,0,1,1,0,0,0,0,0,0,0,0,0,0,0,0,0,0,1,0,0,4.4,10,7.1,7,68,0.0
63,158,Sub Hop,6.25,0.63,12.5,12.5,62.5,112.5,0,0,0,0,0,0,0,0,1,0,0,0,0,0,0,0,0,0,1,0,0,4.4,9,8,7.5,35,0.0
64,113,Bracken's Porter,3.63,0.63,12.5,0.0,25.0,0.0,0,0,0,0,0,0,0,0,0,0,0,0,0,0,0,0,1,0,0,0,0,4.4,19,5,55,50,0.0
65,28,Tokyo Rising Sun - Lowland,7.6,2.75,150.0,0.0,75.0,0.0,0,0,0,1,0,0,0,0,0,0,0,0,0,0,0,1,0,0,0,0,0,4.4,21,13.2,71,85,0.0
66,88,Hunter Foundation Pale Ale,4.3,0.8,25.0,0.0,45.0,0.0,1,0,1,0,1,0,0,0,1,0,0,0,0,0,0,0,1,0,0,0,0,4.4,19,5.4,5.75,35,0.0
67,9,Hype,4.02,0.0,2.0,0.0,7.5,0.0,1,0,0,0,0,0,0,0,0,0,0,0,0,0,0,0,0,1,0,0,0,4.4,19,4.1,8.5,65,0.0
68,145,AB:16,7.75,1.5099999999999998,15.0,25.0,0.0,0.0,0,0,0,0,0,0,0,0,1,1,1,0,0,0,0,0,0,0,0,0,0,4.4,21,10.6,15,55,0.0
69,73,Sunmaid Stout,10.0,4.6899999999999995,37.5,0.0,25.0,0.0,0,0,1,0,0,0,0,0,0,0,0,1,0,1,0,0,0,1,0,0,0,4.4,21,10.2,100,50,0.0
70,164,Pale - Russian Doll,3.63,0.38,7.5,10.0,17.5,200.0,0,1,1,0,1,0,1,1,0,0,0,0,0,0,0,0,1,0,0,0,0,5.2,19,4,22.5,35,0.0
71,188,Whisky Sour - B-Sides,6.88,3.4299999999999997,25.5,0.0,15.0,4.5,1,0,1,0,1,0,0,0,0,0,1,0,0,0,1,0,0,1,0,0,0,3.2,0,7,6,20,0.0
72,172,Black Eyed King Imp - Vietnamese Coffee Edition,6.25,6.875,62.5,0.0,62.5,0.0,0,0,0,0,0,0,0,0,0,0,1,0,0,0,0,0,0,1,0,0,0,5.2,18,12.7,125,85,0.0
73,34,Eurotrash,3.25,0.63,11.3,12.5,37.5,37.5,1,0,1,0,0,0,0,1,1,0,0,0,0,0,0,0,0,0,0,1,0,5.2,19,4.1,8.5,52,0.0
74,91,Never Mind The Anabolics,4.38,0.94,37.5,0.0,18.75,0.0,0,0,0,0,0,0,0,1,0,0,1,0,0,0,0,0,1,0,0,0,0,4.4,18,6.5,11.5,35,0.0
75,118,#Mashtag 2013,5.0,1.38,22.5,12.0,15.0,0.0,1,0,0,0,0,0,1,1,0,0,0,0,0,0,0,0,0,1,0,0,0,4.4,21,7.5,20,50,0.0
76,137,Hobo Pop,2.06,1.5699999999999998,5.0,25.0,25.0,275.0,1,1,0,0,0,0,0,1,0,1,1,0,0,0,1,0,1,0,0,0,0,4.4,19,4.2,15,50,0.0
77,68,AB:18,8.75,2.91,37.5,0.0,75.0,0.0,0,0,0,0,0,0,0,1,0,0,0,1,1,0,0,0,0,1,0,0,0,5.2,20,11.8,57.5,80,0.0
78,64,Hops Kill Nazis,4.82,3.46,40.0,0.0,125.0,178.0,0,1,0,1,0,0,0,1,0,1,0,0,0,0,0,0,0,1,0,0,0,4.4,20,7.6,29.5,70,0.0
79,47,AB:04,10.0,5.949999999999999,150.0,0.0,100.0,0.0,0,0,0,0,0,0,0,0,0,0,1,0,0,0,0,0,0,1,0,0,0,4,21,15,200,80,0.0
80,206,India Session Lager - Prototype Challenge,0.0,3.63,2.5,0.0,75.0,189.0,1,0,1,1,1,0,0,0,0,0,0,0,0,0,0,0,0,0,1,0,0,4.4,10,4.4,6,35,0.0
81,207,Hopped-Up Brown Ale - Prototype Challenge,4.0,1.94,47.0,0.0,50.0,62.5,0,1,1,0,1,1,0,0,1,1,0,1,1,0,0,0,1,0,0,0,0,4.2,19,6.3,12,85,0.0
82,146,Comet,5.65,0.37,15.0,25.0,37.5,250.0,0,0,0,0,0,0,0,1,0,0,0,0,0,0,0,0,1,0,0,0,0,4.4,19,7.2,15,70,0.0
83,200,Baby Saison - B-Sides,0.0,5.58,6.5,0.0,19.5,0.0,1,0,0,0,0,0,0,0,1,0,0,0,0,0,0,0,0,0,0,0,1,4.4,21,3.6,1,9,0.0
84,49,Santa Paws,1.75,3.07,37.5,0.0,0.0,0.0,0,0,0,0,0,0,0,0,1,0,1,1,0,1,0,0,1,0,0,0,0,4.4,19,4.5,22,35,0.0
85,15,Original Dogma (Née Speedball),4.5,0.63,30.0,0.0,138.0,0.0,1,0,0,0,0,0,0,0,1,0,0,0,0,0,0,0,0,0,0,0,0,4.3,21,7.8,15.5,60,0.0
86,150,Alpha Pop,3.69,0.53,5.0,20.0,37.5,250.0,0,0,0,0,0,1,0,1,0,0,0,0,0,0,1,0,1,0,0,0,0,4.4,19,4.5,12.5,30,0.0
87,132,Bavarian Weizen,4.58,0.56,10.0,20.0,35.0,0.0,1,1,0,0,0,0,0,1,1,0,0,0,0,0,0,0,0,0,0,0,0,4.4,22,6.3,15,55,0.0
88,55,Citra,0.0,6.76,2.5,10.0,37.5,0.0,0,0,0,0,1,0,0,1,0,1,0,0,0,0,0,0,1,0,0,0,0,4.4,19,7.5,15,70,0.0
89,191,#Mashtag 2015,6.35,2.59,57.5,38.0,57.0,115.5,0,1,1,0,0,1,0,1,1,0,0,0,1,1,0,0,0,1,0,0,0,4.4,21,10,65,85,0.0
90,84,Dead Pony Club,2.79,0.8200000000000001,10.0,10.0,0.0,187.5,0,0,1,0,1,0,0,1,0,1,0,0,0,0,0,0,1,0,0,0,0,4.4,19,3.8,12.7,35,0.0
91,50,AB:09,10.0,5.639999999999999,125.0,0.0,37.5,0.0,0,0,0,0,0,0,0,0,0,1,0,1,1,0,0,0,0,0,0,0,0,5.2,19,11.6,132.5,77,0.0
92,197,Mango Gose - B-Sides,5.25,2.01,15.0,0.0,30.0,0.0,1,0,0,0,0,0,0,0,0,0,1,0,0,0,0,0,1,0,0,0,0,3.5,20,6.4,5,40,0.0
93,123,Everday Anarchy,6.13,0.88,25.0,12.5,25.0,0.0,0,0,0,0,0,0,0,1,0,0,1,0,0,0,1,0,0,0,0,0,1,4.4,23,10.5,7.5,45,0.0
94,8,Peroxide Punk,0.0,3.85,25.0,0.0,85.0,100.0,1,0,1,0,0,0,0,0,0,0,0,0,0,0,0,0,1,0,0,0,0,4.4,19,4,9,40,0.0
95,141,Lumberjack Stout,10.63,5.32,36.0,0.0,37.5,0.0,0,0,0,0,0,0,0,0,0,0,0,1,0,1,0,0,0,1,0,0,0,4.4,21,15.2,79,20,0.0
96,177,Bowman's Beard - B-Sides,4.5,1.2000000000000002,30.0,0.0,20.0,0.0,0,0,0,0,0,0,0,1,1,0,0,0,0,0,1,0,1,1,0,0,0,5.3,19,18.3,8,50,0.0
97,199,Pumpkin King,3.88,1.1400000000000001,2.5,25.0,0.0,0.0,0,0,0,0,0,0,0,0,1,0,0,0,0,0,0,0,0,1,0,0,0,4.4,19,5.4,15,20,0.0
98,154,Hello My Name Is Päivi,6.13,0.88,25.0,25.0,37.5,212.5,0,1,1,0,1,0,0,1,0,0,0,0,0,0,0,0,0,1,0,0,0,4.4,21,8.3,15,70,0.0
99,211,Elvis Juice,4.5,0.88,2.5,25.0,75.0,150.0,1,0,1,0,1,0,0,1,0,0,0,0,0,0,0,0,1,0,0,0,0,4.4,19,6.5,12.5,60,0.0
100,4,Riptide,5.36,2.58,50.0,0.0,42.8,0.0,0,0,0,0,0,1,1,1,0,0,1,1,0,1,0,0,0,1,0,0,0,4.4,20,8,120,45,0.0
101,194,Peach Therapy,14.5,0.0,15.0,0.0,50.0,0.0,0,0,0,0,0,0,0,0,0,0,0,0,0,0,0,0,0,0,0,1,0,3.6,20,9,6,30,0.0
102,142,Clown King,9.5,1.76,25.0,49.5,31.0,187.5,0,0,1,0,0,0,0,1,1,1,0,0,0,0,0,0,0,1,0,0,0,4.4,21,12,12,85,0.0
103,166,India Pale Weizen (w/ Weihenstephan),3.0,2.08,6.0,31.0,0.0,0.0,0,0,0,0,0,0,1,0,0,0,1,0,0,0,0,0,0,0,0,0,0,4,21,6.2,17.5,50,0.0
104,97,Hello My Name Is Beastie,6.86,0.93,50.0,0.0,87.5,214.29000000000002,0,1,0,0,0,1,0,1,0,0,0,0,0,0,0,0,0,1,0,0,0,4.4,21,8.2,45,42,0.0
105,2,Punk IPA 2010 - Current,4.38,0.25,32.5,32.5,65.0,190.0,1,0,1,1,0,0,1,1,0,0,0,0,0,0,0,0,1,0,0,0,0,4.4,19,5.6,7.6,40,0.0
106,147,HBC 366 - IPA Is Dead,5.65,0.37,2.5,25.0,37.5,250.0,0,0,0,0,0,0,0,1,0,0,0,0,0,0,0,0,1,0,0,0,0,4.4,19,7.2,15,70,0.0
107,131,American Ale,4.58,0.56,10.0,20.0,35.0,0.0,1,1,0,0,0,0,0,1,1,0,0,0,0,0,0,0,0,1,0,0,0,4.4,19,6.3,15,55,0.0
108,101,Cocoa Psycho,6.88,4.38,75.0,25.0,0.0,0.0,0,0,0,0,0,0,1,0,0,0,1,0,0,0,0,0,0,1,0,0,0,4.4,21,10,15.25,85,0.0
109,186,Truffle and Chocolate Stout - B-Sides,5.0,1.25,15.0,10.0,10.0,1.5,0,0,0,0,0,0,0,0,0,0,0,0,0,0,0,0,1,0,0,0,0,4.4,19,5.6,27,30,0.0
110,111,Vagabond Pilsner,3.5,1.2000000000000002,12.5,10.0,40.0,0.0,1,1,0,1,0,0,1,0,1,1,0,0,0,0,0,0,0,0,1,0,0,4.4,9,4.5,12.5,55,0.0
111,155,Vote Sepp,2.5,0.69,5.0,12.5,12.5,0.0,0,0,0,0,0,0,0,0,0,0,1,0,0,0,0,0,0,0,0,0,0,4.1,21,3.6,4,20,0.0
112,53,Hello My Name Is Ingrid,6.86,0.93,50.0,0.0,87.5,214.5,0,1,1,0,0,1,0,1,0,0,0,0,0,0,0,0,0,1,0,0,0,4.4,22,8.2,35,42,0.0
113,159,U-Boat (w/ Victory Brewing),6.35,3.84,7.5,30.5,0.0,0.0,0,0,0,0,0,0,0,0,1,1,0,0,1,0,0,0,0,0,1,0,0,4.4,14,8.4,100,50,0.0
114,184,Melon And Cucumber IPA - B-Sides,4.38,0.63,7.5,12.5,31.0,0.0,0,0,1,1,0,0,0,1,0,0,0,0,0,0,0,0,1,0,0,0,0,5.2,20,6,4,50,0.0
115,201,Morag's Mojito - B-Sides,5.63,0.13,12.5,12.5,25.0,0.0,0,0,0,0,1,0,0,0,0,0,0,0,0,0,0,0,1,0,0,0,0,5.2,19,6.7,7.5,40,0.0
116,5,Hop Rocker,3.78,0.62,25.0,0.0,62.5,0.0,0,0,0,1,0,0,1,1,1,0,0,0,0,0,0,0,0,0,0,0,0,4.2,10,5.5,12,40,0.0
117,173,Bounty Hunter - Shareholder Brew,2.13,1.2,12.5,0.0,0.0,0.0,0,0,0,0,0,0,0,0,0,0,0,1,0,1,0,0,1,0,0,0,0,4.2,19,6.5,125,35,0.0
118,17,Zeitgeist,0.0,4.340000000000001,27.2,0.0,27.2,0.0,0,0,0,0,0,0,1,1,1,0,0,0,0,0,0,0,0,0,0,0,0,4.3,15,4.9,60,32,0.0
119,67,AB:10,8.75,2.91,37.5,0.0,75.0,0.0,0,0,0,0,0,0,0,1,0,0,0,1,1,0,0,0,0,1,0,0,0,4.4,20,11.5,57.5,80,0.0
120,30,Punk Monk,5.3,0.0,32.5,35.0,52.5,30.0,0,0,0,1,0,0,0,0,0,0,0,0,0,0,0,0,0,0,0,1,0,4.4,19,6,8.5,60,0.0
121,98,Dog Fight (w/ Flying Dog),6.79,1.5,50.0,62.5,62.5,250.0,1,0,0,1,0,0,0,1,0,0,0,0,0,0,1,0,0,1,0,0,0,4.4,18,8.5,15.6,65,0.0
122,198,Candy Kaiser,3.94,0.5700000000000001,25.0,0.0,25.0,0.0,0,0,0,0,0,0,0,0,1,0,0,0,1,0,0,0,1,0,0,0,0,4.2,14,5.2,22.5,45,0.0
123,19,Chaos Theory,5.0,0.88,25.0,12.5,50.0,0.0,0,0,0,0,0,0,0,1,0,1,0,0,0,0,0,0,1,0,0,0,0,4.4,19,7.1,7.5,90,0.0
124,62,Juniper Wheat Beer,2.75,2.13,31.25,0.0,31.25,25.0,0,0,0,0,0,0,0,0,0,0,1,0,0,0,0,0,0,0,0,0,0,4.1,17,5,7.5,40,0.0
125,215,Jet Black Heart,2.75,2.21,12.5,6.3,0.0,0.0,0,0,0,0,0,0,0,0,0,1,1,1,1,0,0,0,1,0,0,0,0,4.4,19,4.7,100,45,0.0
126,81,Galaxy,5.87,0.56,75.4,0.0,75.4,250.0,0,0,0,0,0,0,0,1,0,1,0,0,0,0,0,0,1,0,0,0,0,4.4,19,6.7,9.5,67,0.0
127,94,White Noise,2.81,4.06,50.0,0.0,31.25,250.0,0,0,0,0,0,0,0,0,1,0,1,1,0,0,0,0,0,0,0,0,0,4.4,18,6.8,15,50,0.0
128,193,Hinterland,6.88,3.75,12.5,25.0,50.0,0.0,0,0,0,0,0,0,0,0,0,0,1,1,1,0,0,0,0,1,0,0,0,4.3,21,9,200,85,0.0
129,189,Spiced Cherry Sour - B-Sides,3.75,4.3999999999999995,5.0,0.0,0.0,0.0,0,0,0,0,1,0,0,0,1,0,1,0,0,0,1,0,1,0,0,0,0,3.2,20,6.5,0.0,20,0.0
130,83,Motueka,5.87,0.56,75.0,0.0,100.0,250.0,0,0,0,0,0,0,0,1,0,1,0,0,0,0,0,0,1,0,0,0,0,4.4,19,6.7,9.5,67,0.0
131,26,5am Saint,2.56,2.02,5.0,2.5,25.0,187.5,1,1,1,0,0,0,1,1,1,1,0,0,0,0,0,0,1,0,0,0,0,4.4,19,5,30.5,30,0.0
132,140,Black Eye Joe (w/ Stone Brewing Co),2.7,1.4,50.0,12.5,87.5,250.0,1,0,1,0,0,0,0,1,1,0,0,0,0,0,0,0,1,0,0,0,0,4.4,19,5.8,88.7,40,0.0
133,65,Mr.Miyagi's Wasabi Stout,6.0,2.0,81.25,0.0,62.5,0.0,0,0,0,1,0,0,0,0,0,0,0,1,0,0,0,0,0,1,0,0,0,4.4,21,7.5,102,90,0.0
134,59,Growler,4.0,0.38,8.5,0.0,62.5,31.5,0,0,0,0,1,0,0,1,0,1,0,0,0,0,0,0,0,0,1,0,0,4.4,10,4.5,9,38,0.0
135,152,#Mashtag 2014,7.5,1.06,28.5,38.0,47.5,172.5,1,1,1,0,0,0,0,1,0,1,0,0,0,0,0,0,0,1,0,0,0,4.4,21,9,10,50,0.0
136,38,Sink The Bismarck!,7.4,0.6699999999999999,50.0,57.599999999999994,57.599999999999994,384.70000000000005,1,1,1,0,0,1,0,1,0,1,0,0,0,0,0,0,0,1,0,0,0,4.4,21,41,20,1085,0.0
137,87,Dog A,8.0,4.72,75.0,37.5,37.5,0.0,0,0,0,1,0,0,1,0,0,0,1,1,1,1,0,0,0,1,0,0,0,4.4,19,15,50,90,0.0
138,183,Born To Die,6.5,0.0,25.0,25.0,100.0,250.0,1,0,1,0,1,0,0,0,0,0,0,0,0,0,0,0,0,1,0,0,0,4.4,18,8.5,7.5,85,0.0
139,182,Pioneer - IPA Is Dead,5.88,0.0,41.5,41.5,41.5,0.0,0,0,0,0,0,0,0,0,0,0,0,0,0,0,0,0,1,0,0,0,0,4.4,19,7.2,6,100,0.0
140,161,Cap Dog (w/ Cap Brewery),7.02,1.48,38.5,19.0,115.5,0.0,0,1,0,0,0,0,0,0,0,1,0,0,1,0,1,0,0,1,0,0,0,5.2,21,9,90,80,0.0
141,202,Orange Blossom - B-Sides,2.5,1.88,10.0,0.0,15.0,0.0,1,0,0,0,1,0,0,0,0,0,1,0,0,0,1,0,1,0,0,0,0,5.2,20,3.8,3,20,0.0
142,196,Lizard Bride - Prototype Challenge,4.25,0.63,8.5,22.5,37.5,225.0,0,1,1,0,1,0,0,0,0,0,0,0,0,0,0,0,1,0,0,0,0,4.4,17,5.7,12.5,35,0.0
143,29,Tokyo*,11.25,2.75,150.0,0.0,75.0,0.0,0,0,0,1,0,0,0,0,0,0,0,0,0,0,0,1,0,0,0,0,0,4.4,21,16.2,127,85,0.0
144,185,Sorachi Bitter - B-Sides,4.38,2.2,52.5,52.5,52.5,30.0,0,0,0,0,0,0,0,0,1,1,0,0,0,0,1,0,1,0,0,0,0,5.2,20,6.3,7,130,0.0
145,56,Nelson Sauvin,0.0,6.76,37.5,0.0,50.0,0.0,0,0,0,0,0,0,0,1,0,1,0,0,0,0,0,0,1,0,0,0,0,4.4,19,7.5,15,75,0.0
146,178,Hello My Name Is Little Ingrid,3.69,0.5,50.0,200.0,300.0,210.0,0,1,1,0,0,1,0,1,0,0,0,0,0,0,0,0,1,0,0,0,0,4.4,19,4.4,15,35,0.0
147,45,AB:02,11.25,1.38,62.6,0.0,187.5,500.0,0,1,0,1,0,0,0,1,0,1,0,0,0,0,0,0,0,1,0,0,0,4.4,22,18,28.5,70,0.0
148,16,AB:03,8.0,0.0,0.0,0.0,66.7,0.0,0,0,0,0,0,0,0,0,0,0,0,0,0,0,0,0,1,0,0,0,0,4.4,19,10.5,0.0,14,0.0
149,75,AB:13,10.0,3.76,125.0,0.0,37.5,0.0,0,0,0,0,0,0,0,0,0,0,0,1,0,0,0,0,0,1,0,0,0,4.4,20,11.3,83,50,0.0
150,205,Rhubarb Saison - B-Sides,3.75,0.42,10.0,25.0,25.0,0.0,1,0,1,0,0,0,0,0,0,0,1,0,0,0,0,0,0,0,0,0,1,5.2,20,6.4,5,25,0.0
151,190,Deaf Mermaid - B-Sides,4.38,0.0,12.5,0.0,100.0,187.5,1,0,0,1,0,0,0,0,0,0,0,0,0,0,0,0,1,0,0,0,0,5.2,19,5.2,8,65,0.0
152,187,Hoppy Saison - B-Sides,5.0,2.51,12.5,12.5,22.5,0.0,1,0,0,0,1,0,0,0,0,0,1,0,0,0,1,0,0,0,0,0,0,5.2,20,6.4,4,40,0.0
153,204,No Label,0.0,3.63,2.5,12.5,50.0,100.0,0,0,0,0,0,0,1,0,1,0,1,0,0,0,0,0,1,0,0,0,0,4.2,15,4.5,5,25,0.0
154,70,Old World Russian Imperial Stout,6.56,1.35,50.0,0.0,50.0,0.0,0,0,0,0,0,0,1,1,0,0,0,0,0,1,0,0,0,1,0,0,0,4.5,19,9.5,97.5,80,0.0
155,99,Hoppy Christmas,5.65,0.31,2.5,25.0,37.5,187.5,0,0,1,0,0,0,0,1,0,0,0,0,0,0,0,0,1,0,0,0,0,4.4,19,7.2,15,70,0.0
156,11,Edge,2.16,1.2599999999999998,25.7,6.1,50.0,0.0,1,0,0,0,0,0,0,0,0,0,1,0,0,0,0,0,1,0,0,0,0,4.4,19,2.7,29,36,0.0
157,149,Hello My Name Is Zé (w/ 2Cabeças),4.88,0.75,12.5,12.5,29.0,250.0,1,1,1,0,1,0,0,1,0,0,0,0,0,0,0,0,1,0,0,0,0,4.4,19,6.4,10,50,0.0
158,51,Black Tokyo Horizon (w/Nøgne Ø & Mikkeller),4.38,2.56,37.5,81.0,43.5,0.0,0,0,0,0,0,1,0,0,0,1,0,1,1,0,0,0,0,1,0,0,0,4.4,21,17.2,64,75,0.0
159,174,Restorative Beverage For Invalids And Convalescents,5.25,0.88,10.0,0.0,112.5,300.0,1,1,0,0,1,0,0,0,0,0,0,0,0,0,0,0,0,1,0,0,0,4.4,21,8.5,7.5,100,0.0
160,27,Tokyo Rising Sun - Highland,7.6,2.75,150.0,0.0,75.0,0.0,0,0,0,1,0,0,0,0,0,0,0,0,0,0,0,1,0,0,0,0,0,4.4,21,13.2,71,85,0.0
161,23,77 Lager,3.63,0.62,37.5,62.5,25.0,0.0,0,0,0,0,0,0,0,1,1,0,0,0,0,0,0,0,0,0,1,0,0,4.4,10,4.9,6,30,0.0
162,165,This. Is. Lager,0.0,3.81,17.5,0.0,12.5,0.0,0,0,0,0,0,1,0,0,0,0,0,0,0,0,0,0,0,0,1,0,0,4.2,12,4.7,6,37,0.0
163,180,Ella - IPA Is Dead,6.39,0.0,2.5,41.5,41.5,0.0,0,0,0,0,0,0,0,0,0,0,0,0,0,0,0,0,1,0,0,0,0,4.4,19,7.2,6,100,0.0
164,157,Barley Wine - Russian Doll,9.5,1.75,75.0,50.0,50.0,550.0,0,1,1,0,1,0,0,1,0,0,0,0,0,0,0,0,0,1,0,0,0,4.4,21,10,32.5,80,0.0
165,171,Vagabond Pale ALe - Prototype Challenge,3.38,0.69,25.0,0.0,12.5,187.5,1,1,0,0,0,0,0,1,0,1,0,0,0,0,0,0,1,0,0,0,0,4.2,19,4.5,10,55,0.0
166,85,Libertine Black Ale,5.3,0.76,18.75,18.75,37.5,250.0,0,0,1,0,0,0,1,1,0,1,0,0,1,1,0,0,0,1,0,0,0,4.4,19,7.2,76,50,0.0
167,90,Jack Hammer,5.8,0.0,55.0,37.5,75.0,300.0,1,1,1,0,1,1,0,0,0,0,0,0,0,0,0,0,0,1,0,0,0,4.4,21,7.2,7.5,250,0.0
168,89,AB:19,0.0,0.0,0.0,0.0,0.0,0.0,0,0,0,0,0,0,0,0,0,0,0,0,0,0,0,0,0,0,0,0,0,0,0,13.1,0.0,0.0,0.0
169,31,Bashah (w/ Stone Brewing Co),8.13,0.64,56.3,0.0,62.5,0.0,1,1,0,0,0,0,0,0,0,0,0,0,0,0,0,0,0,0,0,1,0,4.4,19,9.7,15.3,100,0.0
170,80,Challenger,5.87,0.56,85.0,0.0,100.0,250.0,0,0,0,0,0,0,0,1,0,1,0,0,0,0,0,0,1,0,0,0,0,4.4,19,6.7,9.5,67,0.0
171,214,Single Hop Enigma IPA - B-Sides,4.1,0.0,2.5,10.0,37.5,0.0,0,0,0,0,0,0,0,0,0,0,0,0,0,0,0,0,1,1,0,0,0,4.4,19,5,5,50,0.0
172,179,Chinook - IPA Is Dead,6.39,0.0,13.5,41.5,41.5,0.0,0,0,0,1,0,0,0,0,0,0,0,0,0,0,0,0,1,0,0,0,0,4.4,19,7.2,6,100,0.0
173,168,Konnichiwa Kitsune,6.13,0.86,31.0,24.5,43.5,325.0,1,0,0,0,1,0,1,1,0,0,0,0,0,0,0,0,0,1,0,0,0,4.4,20,4.4,15,70,0.0
174,92,San Diego Scotch Ale (w/Ballast Point),8.32,3.69,125.0,0.0,187.5,0.0,1,0,0,0,0,0,0,0,1,0,0,0,1,0,0,0,0,1,0,0,0,4.4,21,9,95,70,0.0
175,69,Old World India Pale Ale,0.0,6.75,62.5,0.0,100.0,0.0,0,0,0,0,0,0,0,0,0,1,0,0,0,0,0,0,0,1,0,0,0,4.4,22,7.5,25,80,0.0
176,192,Dog D,7.5,4.5,50.0,25.0,1326.5,0.0,0,0,0,1,0,0,0,0,0,0,1,1,1,1,1,0,0,1,0,0,0,4.3,21,16.1,200,85,0.0
177,76,Simcoe,4.75,0.7,2.5,25.0,37.5,250.0,0,0,1,0,0,0,0,1,1,0,0,0,0,0,0,0,1,0,0,0,0,4.4,99,6.7,15,70,0.0
178,25,How To Disappear Completely,2.31,1.4929999999999999,125.0,50.0,75.2,0.0,0,1,1,0,0,1,0,1,1,0,1,0,0,0,0,0,0,0,0,1,0,4.4,19,3.5,19,198,0.0
179,203,Doodlebug,0.0,2.1999999999999997,2.5,0.0,100.0,187.5,1,0,0,1,0,0,0,0,0,0,1,1,0,0,0,0,1,0,0,0,0,4.2,19,2.5,5,35,0.0
180,135,Vic Secret,6.4,0.69,2.5,25.0,37.5,250.0,0,0,0,0,0,0,0,1,0,0,0,0,0,0,0,0,1,0,0,0,0,4.4,19,7.4,15,70,0.0
181,169,All Day Long - Prototype Challenge,0.0,3.13,8.5,0.0,82.0,250.0,1,1,0,0,0,1,1,1,0,0,0,0,0,0,0,0,1,0,0,0,0,4.4,22,2.8,21,30,0.0
182,102,Nuns With Guns,3.38,0.88,1.25,0.0,40.0,250.0,1,1,0,1,0,0,1,1,1,0,0,0,0,0,0,0,0,0,1,0,0,4.4,16,4.2,9.5,25,0.0
183,24,Atlantic IPA Ale,5.73,1.04,146.0,93.0,62.5,62.5,0,0,0,0,0,0,0,0,0,0,0,0,0,0,0,0,0,0,0,0,0,4.4,19,8,13,80,0.0
184,33,Tactical Nuclear Penguin,11.25,2.75,150.0,0.0,75.0,0.0,0,0,0,1,0,0,0,0,0,0,0,0,0,0,0,1,0,0,0,0,0,4.4,21,32,127,1157,0.0
185,151,Jasmine IPA,4.69,1.5699999999999998,50.0,0.0,68.5,287.5,1,0,0,0,0,0,0,0,1,0,1,0,0,0,1,0,1,0,0,0,0,4.4,19,5.8,17.5,40,0.0
186,105,Lichtenstein Pale Ale,3.38,0.76,12.5,21.25,21.25,100.0,1,1,1,0,0,0,1,0,1,1,0,0,0,0,1,0,1,0,0,0,0,4.4,19,5.2,8.5,50,0.0
187,7,Paradox Jura,6.5,4.97,75.0,25.0,50.0,0.0,0,0,0,0,0,1,0,1,1,0,0,1,1,1,0,0,0,1,0,0,0,4.4,21,10,152,55,0.0
188,96,AB:11,0.0,12.8125,37.5,50.0,112.5,0.0,0,0,0,0,0,1,0,0,1,0,0,0,1,0,0,0,0,1,0,0,0,4.4,18,12.8,40,70,0.0
189,127,Hello My Name is Sonja (w/ Evil Twin),5.75,1.26,12.5,37.5,57.5,187.5,0,0,0,0,0,0,0,1,0,0,1,0,0,0,0,0,0,1,0,0,0,4.4,21,8.3,15,70,0.0
190,138,Interstellar,3.81,1.38,25.0,25.0,50.0,250.0,1,0,0,0,0,0,0,0,0,1,0,0,0,0,1,0,1,0,0,0,0,4.4,19,6.5,25,55,0.0
191,1,Punk IPA 2007 - 2010,5.3,0.0,32.5,35.0,80.0,0.0,0,0,0,1,0,0,0,0,0,0,0,0,0,0,0,0,1,0,0,0,0,4.4,19,6,8.5,60,0.0
192,125,Blitz Berliner Weisse,1.88,1.88,8.5,0.0,0.0,0.0,0,0,0,0,0,0,0,0,0,0,1,0,0,0,0,0,1,0,0,0,0,3.2,19,3,4.5,8,0.0
193,46,Hardkogt IPA,6.25,0.71,30.0,120.0,120.0,200.0,0,1,1,0,0,1,0,1,0,1,0,0,0,0,0,0,0,1,0,0,0,4.4,21,7.6,20,175,0.0
194,195,Hello My Name Is Holy Moose,4.25,0.63,8.5,22.5,37.5,225.0,0,1,1,0,1,0,0,0,0,0,0,0,0,0,0,0,1,0,0,0,0,4.4,17,5.5,12.5,35,0.0
195,103,Catherine's Pony (w/ Beavertown),7.5,2.88,11.5,23.0,30.75,0.0,0,0,0,0,0,0,1,1,0,1,0,0,0,0,0,0,0,1,0,0,0,4.5,21,8.8,95,40,0.0
196,139,Moshi Moshi 15,3.0,1.2,2.5,9.5,37.0,300.0,0,1,0,0,0,1,1,1,1,1,0,0,0,0,0,0,1,0,0,0,0,4.4,19,5.2,17.5,45,0.0
197,41,AB:01,7.75,1.0,25.0,0.0,30.0,0.0,0,0,0,0,0,0,0,0,1,0,1,0,0,0,0,0,0,0,0,0,0,4.1,22,10.2,8,20,0.0
198,48,Alice Porter,2.63,2.7,5.0,25.0,50.0,0.0,0,0,0,0,0,0,0,0,1,1,1,1,0,0,0,0,1,0,0,0,0,5.2,19,5.2,82.5,55,0.0
199,162,Double IPA - Russian Doll,6.75,0.12,25.0,25.0,62.5,387.5,0,1,1,0,1,0,1,1,0,0,0,0,0,0,0,0,1,0,0,0,0,5.2,19,8,17.5,85,0.0
200,110,Waimea - IPA Is Dead,5.0,0.6799999999999999,2.5,20.0,37.5,125.0,0,0,0,0,0,0,0,1,1,0,0,0,0,0,0,0,1,0,0,0,0,4.4,19,6.7,15,70,0.0
201,153,Dog C,7.5,5.27,75.0,37.5,37.5,0.0,0,0,0,1,0,0,1,0,0,0,1,1,1,1,1,0,1,0,0,0,0,4.4,19,15,50,90,0.0
202,79,Bitch Please (w/ 3 Floyds),8.21,0.8999999999999999,50.0,0.0,64.0,0.0,0,0,0,0,0,0,0,0,0,0,0,1,0,0,0,0,0,1,0,0,0,4.4,21,11.5,19,50,0.0
203,213,"Cascade, Centennial & Willamette IPA - B-Sides",5.0,1.26,25.0,0.0,42.5,0.0,0,1,0,0,0,0,1,0,0,0,0,1,0,0,0,0,1,1,0,0,0,5.2,19,6.4,7,65,0.0
204,74,Shareholder Black IPA 2011,6.57,1.57,50.0,0.0,250.0,312.5,1,1,0,1,0,1,1,0,0,1,0,0,1,0,0,0,1,0,0,0,0,4.4,19,7.1,36,80,0.0
205,124,Black Jacques,6.0,2.88,25.0,37.5,37.5,0.0,0,0,0,0,0,0,0,1,0,1,1,1,0,1,0,0,0,0,0,0,1,4.4,23,11.1,7.5,45,0.0
206,95,International Arms Race (w/ Flying Dog),6.0,1.0,0.0,0.0,0.0,40.0,0,0,0,0,0,0,0,1,0,1,0,0,0,0,0,0,1,0,0,0,0,4.4,19,7.5,25,0,0.0
207,176,Sunshine On Rye - B-Sides,5.0,0.88,52.5,52.5,75.0,0.0,1,0,1,0,1,0,0,1,0,0,0,0,0,0,1,0,1,0,0,0,0,5.2,20,7.2,7,130,0.0
208,175,Stereo Wolf Stout - Prototype Challenge,2.5,2.4,7.5,12.5,50.0,125.0,0,1,0,0,0,0,0,0,0,0,1,1,1,0,0,0,1,0,0,0,0,5.2,19,5.2,100,55,0.0
209,129,Dead Metaphor,4.38,2.06,25.0,0.0,0.0,0.0,0,0,0,0,0,0,0,0,0,1,1,1,1,0,0,0,1,0,0,0,0,4.4,19,6.8,43,30,0.0
210,36,Black Dog,4.15,3.0,31.3,37.5,75.0,250.0,0,0,1,1,0,1,0,1,0,1,1,0,0,0,0,0,1,0,0,0,0,4.4,19,5.5,115,60,0.0
211,170,Hop Fiction - Prototype Challenge,4.38,0.0,12.5,0.0,62.5,225.0,1,0,0,1,0,0,0,0,0,0,0,0,0,0,0,0,1,0,0,0,0,4.4,19,5.2,6.5,40,0.0
212,108,El Dorado - IPA Is Dead,5.0,0.6799999999999999,3.75,12.5,37.5,125.0,0,0,0,0,0,0,0,1,1,0,0,0,0,0,0,0,1,0,0,0,0,4.4,19,6.7,15,70,0.0
213,13,Cult Lager,0.0,4.66,25.0,0.0,62.5,0.0,0,0,0,1,0,0,1,0,0,0,0,0,0,0,0,0,0,0,0,0,0,4.1,10,5.4,8,50,0.0
214,136,Brixton Porter,3.8,1.19,12.5,25.0,0.0,0.0,0,0,0,0,0,0,0,0,0,0,0,1,0,0,0,0,1,0,0,0,0,4.4,19,5,100,50,0.0
215,222,Barrel Aged Hinterland,6.88,3.75,25.0,12.5,50.0,0.0,0,0,0,0,0,0,0,0,0,0,1,1,1,0,0,0,0,1,0,0,0,4.3,21,9,200,85,0.0
216,224,Barrel Aged Albino Squid Assassin,5.0,1.07,12.5,31.25,56.25,175.0,0,0,0,1,1,0,0,0,0,1,0,0,1,0,1,0,1,0,0,0,0,4.2,18,9.2,30,65,0.0
217,218,Monk Hammer,5.8,0.0,55.0,37.5,75.0,300.0,1,1,1,0,1,1,0,0,0,0,0,0,0,0,0,0,0,0,0,1,0,4.4,21,7.2,7.5,250,0.0
218,217,Ship Wreck,7.3,895.0,36.0,12.0,0.0,0.0,1,0,0,0,1,0,0,0,0,0,1,0,0,0,0,0,0,1,0,0,0,4.4,21,13.8,13,60,0.0
219,216,Ace Of Simcoe,2.3,1.8,3.75,12.5,37.5,187.5,0,0,1,0,0,0,0,1,0,0,0,0,0,0,0,0,1,0,0,0,0,4.2,19,4.5,9,40,0.0
220,220,Blitz Series,1.6,1.6,10.0,0.0,0.0,0.0,0,0,0,0,0,0,0,0,0,0,1,0,0,0,0,0,1,0,0,0,0,3.2,21,3.2,3,8,0.0
221,221,Dog E,7.5,4.5,75.0,0.0,1276.25,0.0,0,0,0,1,0,0,0,0,0,0,1,1,1,1,1,0,0,1,0,0,0,4.4,21,16.1,254,100,0.0
222,219,Prototype Pils 2.0,1.2,1.92,4.0,20.0,10.0,0.0,0,0,0,0,0,0,0,1,1,0,0,0,0,0,0,0,0,0,1,0,0,4.2,12,4.7,5,25,0.0
223,223,AB:20,4.2,1.6,10.2,60.0,0.0,0.0,0,0,0,0,0,0,0,1,0,0,0,1,0,0,0,0,0,1,0,0,0,4,21,14.2,34,20,0.0
224,226,Paradox Islay 2.0,2.6,2.0000000000000004,60.0,20.0,40.0,0.0,0,0,0,0,0,1,0,1,1,0,0,1,1,0,0,0,0,1,0,0,0,4.4,21,13,152,100,0.0
225,232,Chili Hammer,5.8,0.0,55.0,37.5,75.0,300.0,1,1,1,0,1,1,0,0,0,0,0,0,0,0,0,0,0,1,0,0,0,4.4,21,7.2,7.5,250,0.0
226,235,Brewdog Vs Beavertown,2.2,5.8,40.0,0.0,0.0,0.0,0,0,0,1,0,0,0,1,1,0,0,1,0,0,0,0,0,1,0,0,0,4.2,21,9.2,40,50,0.0
227,236,Prototype Helles,0.0,3.8,10.0,10.0,0.0,0.0,0,0,0,0,0,0,0,0,1,0,0,0,0,0,0,0,0,0,1,0,0,4.2,12,4.9,6.6,18,0.0
228,234,Rye Hammer,5.0,1.0,55.0,37.5,75.0,300.0,1,1,1,0,1,1,0,0,0,0,0,0,0,0,1,0,0,1,0,0,0,4.4,21,7.2,8.5,250,0.0
229,230,Black Hammer,5.8,0.8,55.0,37.5,75.0,300.0,1,1,1,0,1,1,0,0,0,0,0,0,0,1,0,0,0,1,0,0,0,4.4,21,7.2,53,250,0.0
230,227,Ace Of Chinook,2.3,1.8,3.75,12.5,37.5,187.5,0,0,0,1,0,0,0,1,0,0,0,0,0,0,0,0,1,0,0,0,0,4.2,19,4.5,9,40,0.0
231,233,Ace Of Equinox,2.3,1.8,3.75,10.0,37.5,187.5,0,0,0,0,0,0,0,1,0,0,0,0,0,0,0,0,1,0,0,0,0,4.2,19,4.5,9,40,0.0
232,231,Ace Of Citra,2.3,1.8,3.75,12.5,37.5,187.5,0,0,0,0,1,0,0,1,0,0,0,0,0,0,0,0,1,0,0,0,0,4.2,19,4.5,9,40,0.0
233,229,Neon Overlord,5.3,0.5,25.0,26.0,70.0,0.0,0,1,0,0,1,1,0,0,0,0,0,0,0,0,0,0,0,1,0,0,0,4.4,21,7.6,10,70,0.0
234,225,KINGPIN,1.5,2.42,5.0,25.0,12.5,0.0,0,0,0,0,0,0,0,1,1,0,0,0,0,0,0,0,0,0,1,0,0,4.2,10,4.7,7,40,0.0
235,228,#MASHTAG 2016,6.3,1.0,10.0,0.0,100.0,200.0,1,0,1,0,1,1,0,0,0,0,0,0,0,0,0,0,0,1,0,0,0,4.4,21,10.5,8,100,0.0
236,237,MANGO AND CHILI BARLEY WINE,0.0,7.0,0.0,0.0,500.0,500.0,0,1,0,0,1,1,0,0,0,0,0,0,0,0,0,0,0,1,0,0,0,4.4,21,12.0,40,50,0.0
237,238,SCIENCE IPA,0.0,4.35,0.0,0.0,0.0,50.0,1,1,0,0,0,0,1,0,0,0,0,0,0,0,0,0,0,1,0,0,0,4.4,21,5,47,45,0.0
238,239,HONEY AND LEMON BLITZ,0.0,3.0100000000000002,0.0,0.0,0.0,0.0,0,0,0,0,0,0,0,0,1,0,1,1,0,0,0,0,0,1,0,0,0,3.2,21,3.2,4,8,0.0
239,240,BLITZ SAISON,0.0,3.5,0.0,0.0,0.0,0.0,1,0,0,0,0,0,0,0,0,0,0,1,0,0,1,0,0,0,0,0,1,3.2,21,3.2,14,8,0.0
240,241,HELLO MY NAME IS INGRID 2.0,4.9,0.7,16.0,21.0,23.0,120.0,0,1,0,0,1,1,0,0,0,0,0,0,0,0,0,0,0,1,0,0,0,5.2,21,8.2,15.2,70,0.0
241,242,CREW BREW,0.0,6.0,45.0,30.0,200.0,0.0,0,0,0,0,0,0,1,0,1,0,1,0,0,0,0,0,0,1,0,0,0,5.2,21,8,14.2,100,0.0
242,243,GIN BLITZ,0.0,3.0,581.0,0.0,0.0,0.0,0,0,0,0,0,0,0,0,0,0,1,0,0,0,0,0,1,0,0,0,0,3.2,21,3.2,4,8,0.0
243,245,BEATNIK,0.0,5.800000000000001,26.67,13.33,26.66,2.0,0,1,1,0,0,0,0,0,1,0,0,0,0,0,0,0,0,1,0,0,0,5.2,21,8,30.5,60,0.0
244,246,CASINO RYE ALE,2.8,0.65,10.0,40.0,150.0,150.0,0,0,0,0,0,0,0,0,0,0,0,0,0,0,1,0,1,0,0,0,0,5.2,21,5.1,12.7,40,0.0
245,247,SELF ASSEMBLY POPE,3.6,1.05,30.0,0.0,0.0,0.0,0,0,0,0,0,0,0,0,0,0,1,0,0,0,0,0,0,1,0,0,0,5.1,19,7.4,101.6,75,0.0
246,244,AB:21,7.2,3.0,40.0,40.0,0.0,0.0,0,0,0,0,0,0,0,0,0,0,0,1,0,0,0,0,0,1,0,0,0,5.1,19,12,101.6,100,0.0
247,248,TWIN ATLANTIC,3.0,0.2,0.0,0.0,80.0,0.0,0,0,0,0,0,0,1,0,0,0,0,0,0,0,0,0,1,0,0,0,0,5.2,19,5,9.7,80,0.0
248,249,HOP SHOT,5.8,0.0,55.0,37.5,75.0,300.0,1,1,1,0,1,1,0,0,0,0,0,0,0,0,0,0,0,1,0,0,0,4.4,21,7,7.5,250,0.0
249,250,RYE IPA SMALL BATCH,0.0,4.8,0.0,0.0,0.0,20.0,0,1,0,0,1,1,0,0,0,0,0,0,0,0,1,0,0,1,0,0,0,4.4,21,7.2,16,100,0.0
250,251,SORACHI ACE SESSION SMALL BATCH,2.0,0.56,22.0,0.0,22.0,0.0,0,0,0,0,0,0,0,0,1,0,1,0,0,0,1,0,0,0,0,0,0,5.1,19,4,7.62,25,0.0
251,252,DORTMUNDER SMALL BATCH,1.72,5.16,15.0,0.0,10.0,0.0,0,0,0,0,0,0,0,0,0,0,0,0,0,0,0,0,0,0,0,0,0,5.2,14,4.9,7.62,32,0.0
252,253,90 SHILLING SMALL BATCH,5.8,1.7999999999999998,20.0,10.0,0.0,0.0,0,0,0,0,0,0,0,1,1,0,0,0,0,0,0,0,1,0,0,0,0,4.2,19,5.3,20.32,25,0.0
253,254,KELLERBIER SMALL BATCH,1.2,1.9500000000000002,12.0,0.0,20.0,0.0,0,0,0,0,0,0,0,0,1,0,0,0,0,0,0,0,0,0,0,0,0,5.3,10,4.5,8.6,25,0.0
254,255,TRIPEL SMALL BATCH,7.4,1.0,20.0,40.0,30.0,0.0,0,0,0,0,0,0,0,0,0,0,1,0,0,0,0,0,0,0,0,0,0,5.3,21,13,11.6,50,0.0
255,256,VERMONT IPA SMALL BATCH,3.3,1.5,0.0,1.0,80.0,0.0,1,0,1,1,1,0,0,0,0,0,1,1,0,0,0,0,1,0,0,0,0,4.2,19,6.9,7.62,35,0.0
256,257,SEMI SKIMMED OCCULTIST,7.8,3.1,10.0,0.0,0.0,0.0,0,0,0,0,0,0,0,0,0,0,1,1,1,0,0,0,0,1,0,0,0,4.1,18,8,81.28,70,0.0
257,258,PARADOX RYE,6.5,5.0,60.0,20.0,40.0,0.0,0,0,0,0,0,1,0,1,1,0,0,1,1,1,0,0,0,1,0,0,0,4.4,21,13,152,100,0.0
258,259,TROPIC THUNDER,3.8,1.3499999999999999,32.0,0.0,7.0,0.0,0,0,0,0,0,0,0,0,0,0,0,0,0,0,0,0,0,1,0,0,0,4.2,19,7,86.36,25,0.0
259,260,NEW ENGLAND IPA (W/CLOUDWATER),3.4,0.9500000000000001,0.0,0.0,0.0,0.0,0,0,0,0,1,0,0,0,0,0,1,1,0,0,0,0,0,0,0,0,0,4.2,18,6.8,9,45,0.0
260,261,NITRO BREAKFAST STOUT SMALL BATCH,4.38,1.93,37.5,262.5,0.0,0.0,0,0,0,0,0,0,0,0,0,0,1,1,1,0,0,0,0,1,0,0,0,5.2,21,8,44.7,80,0.0
261,262,VERMONT IPA V2.0 SMALL BATCH,3.3,6.0,0.0,1.0,80.0,0.0,1,0,1,1,1,0,0,0,0,0,1,1,0,0,0,0,0,0,0,0,0,4.2,19,6.9,7.6,35,0.0
